SETTLEMENTDATE,RRP,TOTALDEMAND
10/11/2018 23:30,58.87,1179.1
10/12/2018 0:00,70.74,1356.25
10/12/2018 0:30,59.35,1284.12
10/12/2018 1:00,53.21,1237.33
10/12/2018 1:30,52.11,1162.06
10/12/2018 2:00,53.24,1099.27
10/12/2018 2:30,48.26,1063.37
10/12/2018 3:00,46.46,1039.24
10/12/2018 3:30,48.97,1036.67
10/12/2018 4:00,51.6,1019.32
10/12/2018 4:30,53.86,1029.05
10/12/2018 5:00,57.55,1050.64
10/12/2018 5:30,72.26,1090.44
10/12/2018 6:00,103.08,1183.98
10/12/2018 6:30,89.14,1235.21
10/12/2018 7:00,99.47,1325.16
10/12/2018 7:30,84.31,1317.81
10/12/2018 8:00,73.23,1266.4
10/12/2018 8:30,72.05,1210.67
10/12/2018 9:00,74.72,1157.74
10/12/2018 9:30,69.8,1097.07
10/12/2018 10:00,78.03,1061.59
10/12/2018 10:30,110.25,1057.4
10/12/2018 11:00,96.08,963.77
10/12/2018 11:30,87.16,911.73
10/12/2018 12:00,98.23,911.93
10/12/2018 12:30,88.33,946.15
10/12/2018 13:00,103.67,1008.93
10/12/2018 13:30,117.74,1042.6
10/12/2018 14:00,136.82,1082.61
10/12/2018 14:30,112.91,1086.38
10/12/2018 15:00,111.3,1088
10/12/2018 15:30,105.36,1094.33
10/12/2018 16:00,111.76,1116.06
10/12/2018 16:30,124.27,1166.83
10/12/2018 17:00,107.76,1189.67
10/12/2018 17:30,109.58,1205.43
10/12/2018 18:00,91.99,1221.72
10/12/2018 18:30,109.1,1261.87
10/12/2018 19:00,114.5,1284.05
10/12/2018 19:30,114.66,1299.33
10/12/2018 20:00,103.33,1300.2
10/12/2018 20:30,80.47,1280.53
10/12/2018 21:00,75.12,1245.54
10/12/2018 21:30,92.81,1216.26
10/12/2018 22:00,78.06,1165.68
10/12/2018 22:30,115.24,1141.27
10/12/2018 23:00,116.38,1114.43
10/12/2018 23:30,93.55,1103.62
10/13/2018 0:00,102.09,1251.74
10/13/2018 0:30,80.29,1170.53
10/13/2018 1:00,71.05,1124.45
10/13/2018 1:30,65.22,1064.89
10/13/2018 2:00,66.59,1017.78
10/13/2018 2:30,61.3,1018.21
10/13/2018 3:00,54.17,988.74
10/13/2018 3:30,57.76,971.45
10/13/2018 4:00,55.34,937.64
10/13/2018 4:30,54.17,947.81
10/13/2018 5:00,54.7,947.71
10/13/2018 5:30,64.3,952.91
10/13/2018 6:00,62.51,1000.19
10/13/2018 6:30,90.38,1005.82
10/13/2018 7:00,80.51,1035.58
10/13/2018 7:30,80.81,1026.71
10/13/2018 8:00,79.25,959.78
10/13/2018 8:30,127.1,924.66
10/13/2018 9:00,69.36,871.38
10/13/2018 9:30,64.85,798.05
10/13/2018 10:00,57.99,759.68
10/13/2018 10:30,65.85,715.39
10/13/2018 11:00,69.55,693.41
10/13/2018 11:30,69.54,713.35
10/13/2018 12:00,80.29,703.67
10/13/2018 12:30,71.75,720.51
10/13/2018 13:00,70.34,746.58
10/13/2018 13:30,77,816.91
10/13/2018 14:00,74,849.4
10/13/2018 14:30,69.71,827.64
10/13/2018 15:00,71.78,807.45
10/13/2018 15:30,73.87,873.24
10/13/2018 16:00,91.66,936.66
10/13/2018 16:30,85.39,996.5
10/13/2018 17:00,71.42,1079.35
10/13/2018 17:30,92.8,1134.95
10/13/2018 18:00,95.42,1167.85
10/13/2018 18:30,82.3,1162.86
10/13/2018 19:00,131.83,1181.63
10/13/2018 19:30,79.07,1210.97
10/13/2018 20:00,60.98,1206.46
10/13/2018 20:30,60.53,1173.99
10/13/2018 21:00,93.92,1160.53
10/13/2018 21:30,79.94,1124.77
10/13/2018 22:00,63.31,1058.37
10/13/2018 22:30,95.68,1025.71
10/13/2018 23:00,68.83,980.28
10/13/2018 23:30,68.33,977.22
10/14/2018 0:00,71.34,1148.12
10/14/2018 0:30,57.76,1096.62
10/14/2018 1:00,55.03,1047.86
10/14/2018 1:30,50.88,968.49
10/14/2018 2:00,42.69,933.32
10/14/2018 2:30,37.18,877.97
10/14/2018 3:00,39.24,868.77
10/14/2018 3:30,42.72,862.73
10/14/2018 4:00,32.62,852.24
10/14/2018 4:30,43.15,859.13
10/14/2018 5:00,39.35,869.44
10/14/2018 5:30,25.55,844.92
10/14/2018 6:00,40.66,869.29
10/14/2018 6:30,45.42,851.05
10/14/2018 7:00,46.19,878.54
10/14/2018 7:30,48.43,890.62
10/14/2018 8:00,53.03,883.5
10/14/2018 8:30,50.32,877.23
10/14/2018 9:00,44.44,855.37
10/14/2018 9:30,17.52,778.31
10/14/2018 10:00,14.37,795.89
10/14/2018 10:30,15.33,716.9
10/14/2018 11:00,35.19,726.97
10/14/2018 11:30,39.58,805.77
10/14/2018 12:00,43.42,846.93
10/14/2018 12:30,51.2,1033.09
10/14/2018 13:00,51.58,1133.69
10/14/2018 13:30,50.4,1137.43
10/14/2018 14:00,49.58,1116.3
10/14/2018 14:30,45.42,961.41
10/14/2018 15:00,47.18,1033.13
10/14/2018 15:30,45.7,1024.88
10/14/2018 16:00,56.6,1110.55
10/14/2018 16:30,63.61,1133.83
10/14/2018 17:00,78.27,1202.35
10/14/2018 17:30,75.9,1238.31
10/14/2018 18:00,90.62,1276.91
10/14/2018 18:30,146.08,1278.17
10/14/2018 19:00,108.85,1250.57
10/14/2018 19:30,91.18,1220.74
10/14/2018 20:00,75.21,1205.07
10/14/2018 20:30,78.48,1180.12
10/14/2018 21:00,61.68,1122.03
10/14/2018 21:30,57.07,1114.6
10/14/2018 22:00,54.07,1120.96
10/14/2018 22:30,54.95,1108.69
10/14/2018 23:00,52.27,1128.33
10/14/2018 23:30,61.52,1153.33
10/15/2018 0:00,65.34,1352.08
10/15/2018 0:30,52.69,1315.03
10/15/2018 1:00,47.22,1239.57
10/15/2018 1:30,47.65,1166.93
10/15/2018 2:00,47.54,1104.31
10/15/2018 2:30,45.55,1068.15
10/15/2018 3:00,44.85,1030.98
10/15/2018 3:30,40.57,991.71
10/15/2018 4:00,46.11,980.08
10/15/2018 4:30,46.39,923.31
10/15/2018 5:00,54.61,943.43
10/15/2018 5:30,142.03,981.92
10/15/2018 6:00,109.49,1074.88
10/15/2018 6:30,102.19,1139.73
10/15/2018 7:00,109.86,1249.3
10/15/2018 7:30,98.99,1275.98
10/15/2018 8:00,67.46,1242.91
10/15/2018 8:30,67,1225.68
10/15/2018 9:00,65,1120.82
10/15/2018 9:30,65.8,1027.26
10/15/2018 10:00,62.25,1031.24
10/15/2018 10:30,61.58,939.83
10/15/2018 11:00,63.94,964.89
10/15/2018 11:30,65.07,1011.07
10/15/2018 12:00,73.49,1127.65
10/15/2018 12:30,95.53,1179.91
10/15/2018 13:00,96.79,1183.29
10/15/2018 13:30,73.32,1104.24
10/15/2018 14:00,80.88,1082.28
10/15/2018 14:30,70.45,1063.55
10/15/2018 15:00,70.02,1095.08
10/15/2018 15:30,69.66,1106.94
10/15/2018 16:00,78.68,1124.15
10/15/2018 16:30,81.19,1125.17
10/15/2018 17:00,90.65,1115.1
10/15/2018 17:30,71.01,1134.12
10/15/2018 18:00,85.55,1246.53
10/15/2018 18:30,99.69,1334.49
10/15/2018 19:00,105.29,1314.78
10/15/2018 19:30,84.31,1319.02
10/15/2018 20:00,89.36,1257.36
10/15/2018 20:30,73.38,1229.72
10/15/2018 21:00,66.56,1288.49
10/15/2018 21:30,58.98,1241.17
10/15/2018 22:00,60.45,1224.4
10/15/2018 22:30,68.86,1168.24
10/15/2018 23:00,62.64,1115.44
10/15/2018 23:30,56.65,1121.14
10/16/2018 0:00,62.31,1324.33
10/16/2018 0:30,59.64,1273.72
10/16/2018 1:00,53.89,1201.67
10/16/2018 1:30,34.3,1119.92
10/16/2018 2:00,42.1,1060.69
10/16/2018 2:30,46.1,1033.62
10/16/2018 3:00,35.59,1001.22
10/16/2018 3:30,34.69,983.49
10/16/2018 4:00,31.74,961.18
10/16/2018 4:30,46.25,989.38
10/16/2018 5:00,48.41,1019.44
10/16/2018 5:30,68.59,1051.38
10/16/2018 6:00,88.69,1116.07
10/16/2018 6:30,95.31,1208.73
10/16/2018 7:00,87.23,1296.54
10/16/2018 7:30,89.36,1334.84
10/16/2018 8:00,81.11,1282.13
10/16/2018 8:30,94.65,1256.74
10/16/2018 9:00,86.66,1225.4
10/16/2018 9:30,73.03,1226.66
10/16/2018 10:00,111.04,1183.64
10/16/2018 10:30,109.47,1156.32
10/16/2018 11:00,97.21,1130.97
10/16/2018 11:30,93.12,1132.79
10/16/2018 12:00,77.01,1093.49
10/16/2018 12:30,69.6,1045.86
10/16/2018 13:00,74.26,1030
10/16/2018 13:30,68.5,1025.44
10/16/2018 14:00,70.2,1047.87
10/16/2018 14:30,71.23,1090.15
10/16/2018 15:00,75.43,1150.1
10/16/2018 15:30,90.53,1202.43
10/16/2018 16:00,119.93,1228.78
10/16/2018 16:30,80.22,1297.55
10/16/2018 17:00,83.38,1345.57
10/16/2018 17:30,89.28,1409.35
10/16/2018 18:00,95.09,1437.57
10/16/2018 18:30,82.1,1456.13
10/16/2018 19:00,86.79,1470.75
10/16/2018 19:30,92.67,1465.57
10/16/2018 20:00,117.1,1448.57
10/16/2018 20:30,103.47,1431.42
10/16/2018 21:00,92.74,1391.17
10/16/2018 21:30,69.4,1331.47
10/16/2018 22:00,62.77,1261.34
10/16/2018 22:30,73.35,1228.37
10/16/2018 23:00,71.62,1176.15
10/16/2018 23:30,75.65,1187.85
10/17/2018 0:00,97.64,1362.66
10/17/2018 0:30,75.23,1322.25
10/17/2018 1:00,69.08,1259.8
10/17/2018 1:30,66.21,1164.27
10/17/2018 2:00,62.84,1097.94
10/17/2018 2:30,61.07,1063.29
10/17/2018 3:00,57.32,1044.57
10/17/2018 3:30,59.46,1053.79
10/17/2018 4:00,70.5,1050.41
10/17/2018 4:30,79.38,1058.62
10/17/2018 5:00,82.13,1082.85
10/17/2018 5:30,88.68,1120.94
10/17/2018 6:00,90.41,1219.06
10/17/2018 6:30,153.82,1309.71
10/17/2018 7:00,192.51,1428.87
10/17/2018 7:30,113.17,1501.3
10/17/2018 8:00,110.37,1488.45
10/17/2018 8:30,116.26,1464.14
10/17/2018 9:00,144.79,1435.47
10/17/2018 9:30,128.49,1404.42
10/17/2018 10:00,152.49,1340.15
10/17/2018 10:30,146.54,1318.32
10/17/2018 11:00,120.15,1303.02
10/17/2018 11:30,136.46,1323.85
10/17/2018 12:00,115.76,1300.36
10/17/2018 12:30,110.5,1283.16
10/17/2018 13:00,108.12,1285.21
10/17/2018 13:30,108.5,1280.15
10/17/2018 14:00,142.64,1301.84
10/17/2018 14:30,197.24,1299.1
10/17/2018 15:00,162,1275.57
10/17/2018 15:30,110.48,1272.84
10/17/2018 16:00,140.49,1290.68
10/17/2018 16:30,108.8,1354
10/17/2018 17:00,102.17,1410.94
10/17/2018 17:30,106.88,1449.61
10/17/2018 18:00,122.62,1476.68
10/17/2018 18:30,141.26,1518.51
10/17/2018 19:00,197.68,1547.64
10/17/2018 19:30,121.94,1561.57
10/17/2018 20:00,134.86,1555.27
10/17/2018 20:30,133.65,1506.94
10/17/2018 21:00,121.98,1450.13
10/17/2018 21:30,140.77,1387.68
10/17/2018 22:00,112.28,1330.51
10/17/2018 22:30,156.53,1267.96
10/17/2018 23:00,128.77,1225.54
10/17/2018 23:30,122.45,1203.19
10/18/2018 0:00,175.31,1412.84
10/18/2018 0:30,147.35,1363.15
10/18/2018 1:00,128.96,1320.79
10/18/2018 1:30,135.55,1255.73
10/18/2018 2:00,166,1187.41
10/18/2018 2:30,137.52,1140.99
10/18/2018 3:00,132.4,1114.11
10/18/2018 3:30,198.1,1118.25
10/18/2018 4:00,104.73,1100.37
10/18/2018 4:30,181.11,1109.4
10/18/2018 5:00,95.07,1134.31
10/18/2018 5:30,173.96,1193.85
10/18/2018 6:00,260.91,1309.9
10/18/2018 6:30,253.31,1412.31
10/18/2018 7:00,311.16,1531.59
10/18/2018 7:30,130.65,1578.63
10/18/2018 8:00,144.81,1532.09
10/18/2018 8:30,198.31,1495.76
10/18/2018 9:00,168.85,1454.19
10/18/2018 9:30,166.54,1424.09
10/18/2018 10:00,170.45,1387.37
10/18/2018 10:30,166.82,1362.28
10/18/2018 11:00,160.16,1307.42
10/18/2018 11:30,162.12,1282.65
10/18/2018 12:00,246.99,1240
10/18/2018 12:30,231.84,1167.75
10/18/2018 13:00,127.39,1061.31
10/18/2018 13:30,142.06,912.49
10/18/2018 14:00,183.6,855.37
10/18/2018 14:30,112.22,845.91
10/18/2018 15:00,115.78,871.76
10/18/2018 15:30,121.4,917.2
10/18/2018 16:00,161.38,954.45
10/18/2018 16:30,222.14,1040.8
10/18/2018 17:00,188.46,1137.97
10/18/2018 17:30,162.85,1254.19
10/18/2018 18:00,232.48,1340.43
10/18/2018 18:30,278.14,1405.15
10/18/2018 19:00,269.9,1420.12
10/18/2018 19:30,264,1469.29
10/18/2018 20:00,144.94,1458.04
10/18/2018 20:30,156.34,1436.34
10/18/2018 21:00,147.97,1387.7
10/18/2018 21:30,139.23,1325.26
10/18/2018 22:00,129.35,1269.39
10/18/2018 22:30,134.73,1208.32
10/18/2018 23:00,131.58,1162.48
10/18/2018 23:30,145.3,1165.11
10/19/2018 0:00,191.49,1338.07
10/19/2018 0:30,111.48,1300.54
10/19/2018 1:00,118.95,1246.72
10/19/2018 1:30,96.1,1162.25
10/19/2018 2:00,154.56,1084.14
10/19/2018 2:30,107.79,1019.72
10/19/2018 3:00,82.33,1000.06
10/19/2018 3:30,76.55,964.77
10/19/2018 4:00,74.53,957.23
10/19/2018 4:30,78.04,979.82
10/19/2018 5:00,77.29,992.63
10/19/2018 5:30,95.69,1027.09
10/19/2018 6:00,84.08,1096.25
10/19/2018 6:30,85.83,1111.14
10/19/2018 7:00,104.8,1170.18
10/19/2018 7:30,87.46,1212.11
10/19/2018 8:00,84.15,1164.91
10/19/2018 8:30,79.55,1113.52
10/19/2018 9:00,80.03,1119.71
10/19/2018 9:30,69.09,1122.13
10/19/2018 10:00,70.12,1202.01
10/19/2018 10:30,63.58,1274.46
10/19/2018 11:00,75.98,1288.72
10/19/2018 11:30,73.21,1241.45
10/19/2018 12:00,65.71,1279
10/19/2018 12:30,74.62,1277.42
10/19/2018 13:00,80.38,1298.87
10/19/2018 13:30,93.27,1262.67
10/19/2018 14:00,87.68,1249.64
10/19/2018 14:30,-101.72,1201.59
10/19/2018 15:00,87.52,1248.36
10/19/2018 15:30,90.83,1146.33
10/19/2018 16:00,108.59,1094.02
10/19/2018 16:30,103.79,1112.06
10/19/2018 17:00,80.65,1110.62
10/19/2018 17:30,75.15,1107.46
10/19/2018 18:00,85.46,1222.14
10/19/2018 18:30,80.3,1163.68
10/19/2018 19:00,102.87,1166.88
10/19/2018 19:30,75.39,1199.16
10/19/2018 20:00,110.26,1260.82
10/19/2018 20:30,98.11,1219.94
10/19/2018 21:00,84.66,1206.73
10/19/2018 21:30,80.55,1173.04
10/19/2018 22:00,79.98,1146.16
10/19/2018 22:30,95.62,1110.18
10/19/2018 23:00,70.26,1059.24
10/19/2018 23:30,71.51,1100
10/20/2018 0:00,90.55,1298.69
10/20/2018 0:30,50.67,1231.39
10/20/2018 1:00,57.87,1195.07
10/20/2018 1:30,48.33,1098.36
10/20/2018 2:00,43.49,1027.71
10/20/2018 2:30,35.27,995.49
10/20/2018 3:00,40.05,936.24
10/20/2018 3:30,46.86,917.91
10/20/2018 4:00,41.24,893.51
10/20/2018 4:30,45.8,902.48
10/20/2018 5:00,47.25,914.95
10/20/2018 5:30,49.38,953.71
10/20/2018 6:00,49.76,992.42
10/20/2018 6:30,69.61,1039.07
10/20/2018 7:00,108.9,1040.5
10/20/2018 7:30,204.66,1036.57
10/20/2018 8:00,90.84,973.33
10/20/2018 8:30,119.74,955.25
10/20/2018 9:00,59.85,885.02
10/20/2018 9:30,86.86,881.46
10/20/2018 10:00,90.42,824.76
10/20/2018 10:30,76.14,791.47
10/20/2018 11:00,119.19,772.84
10/20/2018 11:30,68.02,729.84
10/20/2018 12:00,55.21,674.77
10/20/2018 12:30,54.72,664.82
10/20/2018 13:00,55,629.04
10/20/2018 13:30,67.73,624.08
10/20/2018 14:00,40.98,620.99
10/20/2018 14:30,37.48,618.33
10/20/2018 15:00,37.33,649.56
10/20/2018 15:30,67.39,707.31
10/20/2018 16:00,76.06,751.36
10/20/2018 16:30,104.75,854.41
10/20/2018 17:00,99.69,931.89
10/20/2018 17:30,95.05,1049.98
10/20/2018 18:00,103.16,1119.43
10/20/2018 18:30,118.51,1202.98
10/20/2018 19:00,124.91,1251.59
10/20/2018 19:30,121.04,1302.52
10/20/2018 20:00,130.29,1321.71
10/20/2018 20:30,137.3,1315
10/20/2018 21:00,129.17,1277.61
10/20/2018 21:30,105.05,1253.73
10/20/2018 22:00,73.17,1217.79
10/20/2018 22:30,156.15,1190.44
10/20/2018 23:00,160.16,1193.6
10/20/2018 23:30,121.45,1189.01
10/21/2018 0:00,142.66,1373.82
10/21/2018 0:30,94.3,1347.38
10/21/2018 1:00,91.24,1299.09
10/21/2018 1:30,81.22,1228.29
10/21/2018 2:00,89.57,1172.58
10/21/2018 2:30,70.12,1123.07
10/21/2018 3:00,72.46,1111.35
10/21/2018 3:30,75.09,1081.25
10/21/2018 4:00,70.27,1057.71
10/21/2018 4:30,70.2,1040.87
10/21/2018 5:00,83.02,1043.56
10/21/2018 5:30,72.25,1038.19
10/21/2018 6:00,89.69,1055.98
10/21/2018 6:30,70.06,1026.51
10/21/2018 7:00,82.43,1042.52
10/21/2018 7:30,70.2,990.61
10/21/2018 8:00,69.96,945.55
10/21/2018 8:30,73.89,880.69
10/21/2018 9:00,70.25,811.24
10/21/2018 9:30,70.98,759.02
10/21/2018 10:00,68.42,678.47
10/21/2018 10:30,80.15,653.42
10/21/2018 11:00,58.98,616.05
10/21/2018 11:30,56.54,579.41
10/21/2018 12:00,55.2,574.33
10/21/2018 12:30,51.16,566.48
10/21/2018 13:00,49.15,562.27
10/21/2018 13:30,50,558.53
10/21/2018 14:00,60.19,581.68
10/21/2018 14:30,66.6,596.48
10/21/2018 15:00,76.02,653.4
10/21/2018 15:30,76,700.73
10/21/2018 16:00,104.86,775.17
10/21/2018 16:30,68.78,864.6
10/21/2018 17:00,90.53,983.21
10/21/2018 17:30,104.51,1098.18
10/21/2018 18:00,156.82,1212.53
10/21/2018 18:30,93.69,1279.33
10/21/2018 19:00,160.78,1322.84
10/21/2018 19:30,104.29,1337.58
10/21/2018 20:00,101.35,1365.06
10/21/2018 20:30,142.65,1309.7
10/21/2018 21:00,117.76,1257.1
10/21/2018 21:30,130.85,1187.99
10/21/2018 22:00,88.7,1131.31
10/21/2018 22:30,76.33,1084.49
10/21/2018 23:00,72.51,1062.7
10/21/2018 23:30,72.68,1092.55
10/22/2018 0:00,93.6,1254.75
10/22/2018 0:30,69.94,1202.22
10/22/2018 1:00,82.08,1172.85
10/22/2018 1:30,72.02,1093.44
10/22/2018 2:00,68,1027.55
10/22/2018 2:30,50.01,992.55
10/22/2018 3:00,45.93,958.05
10/22/2018 3:30,42.14,934.77
10/22/2018 4:00,30.68,911.65
10/22/2018 4:30,38.3,918.91
10/22/2018 5:00,31.62,930.52
10/22/2018 5:30,54.67,951.43
10/22/2018 6:00,56.43,1025
10/22/2018 6:30,64.64,1119.64
10/22/2018 7:00,70.53,1170.8
10/22/2018 7:30,58.81,1149.56
10/22/2018 8:00,52.22,1081.56
10/22/2018 8:30,50.48,1019.65
10/22/2018 9:00,51.59,1016.51
10/22/2018 9:30,48.58,1004.09
10/22/2018 10:00,48.23,1015.27
10/22/2018 10:30,47.52,1034.59
10/22/2018 11:00,46.76,963.22
10/22/2018 11:30,46.9,865.7
10/22/2018 12:00,46.34,895.8
10/22/2018 12:30,47.11,876.1
10/22/2018 13:00,50.03,902.38
10/22/2018 13:30,51.23,921.79
10/22/2018 14:00,53.66,927.01
10/22/2018 14:30,55.01,905.27
10/22/2018 15:00,52.04,892.15
10/22/2018 15:30,62.72,909.86
10/22/2018 16:00,77.92,983.77
10/22/2018 16:30,63.38,1025.98
10/22/2018 17:00,89.69,1123.11
10/22/2018 17:30,105.22,1254.81
10/22/2018 18:00,81.07,1302.97
10/22/2018 18:30,132.69,1301.03
10/22/2018 19:00,172.96,1306.44
10/22/2018 19:30,144.65,1329.99
10/22/2018 20:00,106.57,1314.92
10/22/2018 20:30,118.07,1307.71
10/22/2018 21:00,163.94,1261.67
10/22/2018 21:30,104.14,1206.18
10/22/2018 22:00,86.78,1192.26
10/22/2018 22:30,82.44,1172.76
10/22/2018 23:00,228.97,1152.89
10/22/2018 23:30,192.51,1150.36
10/23/2018 0:00,190.56,1335.62
10/23/2018 0:30,148.33,1296.77
10/23/2018 1:00,109.58,1257.49
10/23/2018 1:30,94.51,1170.6
10/23/2018 2:00,95.3,1105.83
10/23/2018 2:30,99.88,1067.23
10/23/2018 3:00,73.26,1026.99
10/23/2018 3:30,68.56,1023.43
10/23/2018 4:00,66.07,1024.96
10/23/2018 4:30,73.87,1032.57
10/23/2018 5:00,68.59,1019.14
10/23/2018 5:30,123.69,1093.37
10/23/2018 6:00,96.31,1173.91
10/23/2018 6:30,121.39,1212.71
10/23/2018 7:00,117.18,1251.53
10/23/2018 7:30,104.01,1222.92
10/23/2018 8:00,75.6,1145.37
10/23/2018 8:30,61.73,1087.89
10/23/2018 9:00,59.72,1065.91
10/23/2018 9:30,63.57,1058.16
10/23/2018 10:00,66.93,1023.72
10/23/2018 10:30,61.13,920.43
10/23/2018 11:00,58.58,853.54
10/23/2018 11:30,58.9,829.76
10/23/2018 12:00,53.65,759.85
10/23/2018 12:30,53.28,714.69
10/23/2018 13:00,54.64,690.33
10/23/2018 13:30,54.73,702.58
10/23/2018 14:00,54.72,729.3
10/23/2018 14:30,53.63,757.31
10/23/2018 15:00,51.69,768.66
10/23/2018 15:30,60.66,794.26
10/23/2018 16:00,80.17,900.84
10/23/2018 16:30,83.02,984.98
10/23/2018 17:00,100.42,1080.6
10/23/2018 17:30,91.62,1183.09
10/23/2018 18:00,75.56,1272.58
10/23/2018 18:30,113.84,1301.28
10/23/2018 19:00,173.01,1344.75
10/23/2018 19:30,104.46,1377.09
10/23/2018 20:00,103.63,1406.98
10/23/2018 20:30,78.54,1395.42
10/23/2018 21:00,77.77,1351.68
10/23/2018 21:30,81.35,1277.34
10/23/2018 22:00,66.56,1239.84
10/23/2018 22:30,76.96,1235
10/23/2018 23:00,69.99,1183.95
10/23/2018 23:30,113.57,1192.88
10/24/2018 0:00,146.81,1413.07
10/24/2018 0:30,83.35,1360.56
10/24/2018 1:00,108.29,1313.19
10/24/2018 1:30,61.42,1224.75
10/24/2018 2:00,59.48,1173.45
10/24/2018 2:30,56.79,1137.39
10/24/2018 3:00,57.8,1127.27
10/24/2018 3:30,55.56,1115.34
10/24/2018 4:00,56.06,1123.82
10/24/2018 4:30,60.57,1129.26
10/24/2018 5:00,75.74,1163.11
10/24/2018 5:30,75.65,1241.68
10/24/2018 6:00,106.83,1323
10/24/2018 6:30,132.53,1404.13
10/24/2018 7:00,129.7,1451.19
10/24/2018 7:30,93.68,1458.23
10/24/2018 8:00,75.13,1365.54
10/24/2018 8:30,70.2,1242.89
10/24/2018 9:00,70.13,1154.52
10/24/2018 9:30,71.08,1072.09
10/24/2018 10:00,71.22,989.25
10/24/2018 10:30,70.1,927.89
10/24/2018 11:00,71.18,947.68
10/24/2018 11:30,69.06,890.84
10/24/2018 12:00,86.36,904.43
10/24/2018 12:30,73.68,876.12
10/24/2018 13:00,79.79,933.28
10/24/2018 13:30,74.38,820.96
10/24/2018 14:00,75.51,828.01
10/24/2018 14:30,74.69,853.22
10/24/2018 15:00,86.3,871.06
10/24/2018 15:30,96.1,893.6
10/24/2018 16:00,85.52,935.01
10/24/2018 16:30,89.7,1016.96
10/24/2018 17:00,101.64,1083.28
10/24/2018 17:30,112.89,1174.81
10/24/2018 18:00,124.31,1240.22
10/24/2018 18:30,121.54,1310.71
10/24/2018 19:00,134.94,1328.78
10/24/2018 19:30,147.86,1357.43
10/24/2018 20:00,120.04,1366.22
10/24/2018 20:30,94.23,1331.91
10/24/2018 21:00,75.49,1312.18
10/24/2018 21:30,82.19,1264.95
10/24/2018 22:00,72.37,1216.15
10/24/2018 22:30,62.19,1188.09
10/24/2018 23:00,61.91,1178.39
10/24/2018 23:30,106.07,1187.98
10/25/2018 0:00,181.41,1378.69
10/25/2018 0:30,99.22,1334.33
10/25/2018 1:00,94.49,1294.01
10/25/2018 1:30,84.45,1224.19
10/25/2018 2:00,78.05,1170.41
10/25/2018 2:30,77.1,1158.83
10/25/2018 3:00,80.22,1132.94
10/25/2018 3:30,78.15,1111.18
10/25/2018 4:00,84.77,1113.36
10/25/2018 4:30,123.31,1122.18
10/25/2018 5:00,113.86,1167.9
10/25/2018 5:30,159.93,1196.43
10/25/2018 6:00,178.43,1289.49
10/25/2018 6:30,138.98,1342.19
10/25/2018 7:00,131.6,1386.31
10/25/2018 7:30,168.04,1367.47
10/25/2018 8:00,116.6,1241.56
10/25/2018 8:30,107.59,1162
10/25/2018 9:00,88.23,1071.45
10/25/2018 9:30,85.12,988.22
10/25/2018 10:00,93.54,923.85
10/25/2018 10:30,93.66,863.76
10/25/2018 11:00,86.74,836.05
10/25/2018 11:30,87.91,800.43
10/25/2018 12:00,78.53,800.27
10/25/2018 12:30,63.78,792.07
10/25/2018 13:00,64.46,811.73
10/25/2018 13:30,91.27,794.79
10/25/2018 14:00,99.08,817.8
10/25/2018 14:30,77.83,819.56
10/25/2018 15:00,89.19,854.58
10/25/2018 15:30,88.29,924.6
10/25/2018 16:00,91.24,985.42
10/25/2018 16:30,84.76,1089.08
10/25/2018 17:00,111.83,1134.05
10/25/2018 17:30,105.52,1202.05
10/25/2018 18:00,147,1268
10/25/2018 18:30,157.47,1332.98
10/25/2018 19:00,185.78,1369.81
10/25/2018 19:30,98.93,1418.84
10/25/2018 20:00,160.21,1421
10/25/2018 20:30,141.7,1384.45
10/25/2018 21:00,90.56,1365.35
10/25/2018 21:30,80.22,1322.7
10/25/2018 22:00,77.17,1287.01
10/25/2018 22:30,96.25,1242.6
10/25/2018 23:00,98.29,1202.93
10/25/2018 23:30,175.87,1187.02
10/26/2018 0:00,151.24,1350.19
10/26/2018 0:30,102.42,1287.18
10/26/2018 1:00,89.91,1256.67
10/26/2018 1:30,81.5,1206.17
10/26/2018 2:00,85,1185.75
10/26/2018 2:30,85,1138.2
10/26/2018 3:00,82.67,1095.7
10/26/2018 3:30,77.48,1055.97
10/26/2018 4:00,73.61,1041.63
10/26/2018 4:30,86.45,1070.78
10/26/2018 5:00,229.91,1091.52
10/26/2018 5:30,166.26,1106.76
10/26/2018 6:00,126.13,1183.71
10/26/2018 6:30,156.59,1271.88
10/26/2018 7:00,148.33,1303.21
10/26/2018 7:30,100.34,1283.96
10/26/2018 8:00,101.34,1173.87
10/26/2018 8:30,93.68,1075.37
10/26/2018 9:00,87.03,964.27
10/26/2018 9:30,89.31,927.37
10/26/2018 10:00,85.32,867.38
10/26/2018 10:30,106.79,822.26
10/26/2018 11:00,84.69,812.79
10/26/2018 11:30,103.85,777.04
10/26/2018 12:00,114.41,795.59
10/26/2018 12:30,104.68,799.9
10/26/2018 13:00,113.98,817.44
10/26/2018 13:30,97.1,820.57
10/26/2018 14:00,91.05,831.04
10/26/2018 14:30,86.34,842.17
10/26/2018 15:00,100.04,879.85
10/26/2018 15:30,104.83,920.96
10/26/2018 16:00,119.15,990.14
10/26/2018 16:30,115.06,1053.9
10/26/2018 17:00,118.29,1121.72
10/26/2018 17:30,122.53,1216.15
10/26/2018 18:00,122.23,1289.86
10/26/2018 18:30,123.02,1351.91
10/26/2018 19:00,142.25,1389.18
10/26/2018 19:30,120.71,1419.79
10/26/2018 20:00,115.51,1435.7
10/26/2018 20:30,113.62,1380.61
10/26/2018 21:00,102.22,1345.28
10/26/2018 21:30,100.38,1321.49
10/26/2018 22:00,87.07,1294.68
10/26/2018 22:30,112.7,1266.01
10/26/2018 23:00,111.1,1244.74
10/26/2018 23:30,153.01,1220.49
10/27/2018 0:00,153.49,1374.24
10/27/2018 0:30,159.19,1292.66
10/27/2018 1:00,162.71,1259.46
10/27/2018 1:30,120.95,1179.64
10/27/2018 2:00,180.78,1123.29
10/27/2018 2:30,87.89,1097.71
10/27/2018 3:00,84.69,1078.15
10/27/2018 3:30,83.26,1040.97
10/27/2018 4:00,80.94,1002.16
10/27/2018 4:30,66.29,1028.97
10/27/2018 5:00,63.53,1011.23
10/27/2018 5:30,82.61,1029.17
10/27/2018 6:00,106.25,1072.58
10/27/2018 6:30,96.21,1069.36
10/27/2018 7:00,90.2,1099.6
10/27/2018 7:30,110.56,1137.91
10/27/2018 8:00,133.96,1076.32
10/27/2018 8:30,87.8,1001.28
10/27/2018 9:00,72.5,971
10/27/2018 9:30,81.15,976.02
10/27/2018 10:00,71.51,870.06
10/27/2018 10:30,68.04,882.23
10/27/2018 11:00,64.17,811.49
10/27/2018 11:30,54.41,755.09
10/27/2018 12:00,54.31,715.48
10/27/2018 12:30,54,715.77
10/27/2018 13:00,56.77,748.14
10/27/2018 13:30,59.21,740.66
10/27/2018 14:00,65.53,752.21
10/27/2018 14:30,66.05,770.85
10/27/2018 15:00,71.32,819.32
10/27/2018 15:30,72.88,859.54
10/27/2018 16:00,80.93,945.14
10/27/2018 16:30,88.92,1025.16
10/27/2018 17:00,100.55,1136.12
10/27/2018 17:30,130.2,1204.51
10/27/2018 18:00,132.31,1244.27
10/27/2018 18:30,160.32,1273.28
10/27/2018 19:00,157.13,1296.02
10/27/2018 19:30,160.25,1300.69
10/27/2018 20:00,125.82,1310.3
10/27/2018 20:30,111.48,1300.87
10/27/2018 21:00,104.57,1256.71
10/27/2018 21:30,106.15,1260.08
10/27/2018 22:00,116,1216.57
10/27/2018 22:30,138.41,1194.48
10/27/2018 23:00,177.52,1189.96
10/27/2018 23:30,249.8,1206.37
10/28/2018 0:00,271.25,1388.38
10/28/2018 0:30,192.25,1322.61
10/28/2018 1:00,152.54,1276.43
10/28/2018 1:30,121.79,1195.55
10/28/2018 2:00,114.93,1129.74
10/28/2018 2:30,95.74,1093.8
10/28/2018 3:00,148.72,1070.47
10/28/2018 3:30,115,1026.76
10/28/2018 4:00,110.8,1006.94
10/28/2018 4:30,108.35,1024.53
10/28/2018 5:00,111.3,1008.77
10/28/2018 5:30,166.94,1013.81
10/28/2018 6:00,112.52,1038.85
10/28/2018 6:30,116.12,1031.09
10/28/2018 7:00,119.5,1024.51
10/28/2018 7:30,91.02,989.31
10/28/2018 8:00,102.63,981.51
10/28/2018 8:30,91.53,967.51
10/28/2018 9:00,84.99,927.9
10/28/2018 9:30,95.51,884.77
10/28/2018 10:00,83.37,822.01
10/28/2018 10:30,80.26,810.24
10/28/2018 11:00,88.78,809.81
10/28/2018 11:30,83.69,792.06
10/28/2018 12:00,73.92,767.38
10/28/2018 12:30,76.67,766.03
10/28/2018 13:00,81.53,775.3
10/28/2018 13:30,70.82,754.37
10/28/2018 14:00,71.5,724.36
10/28/2018 14:30,65.81,701.81
10/28/2018 15:00,74.26,737.13
10/28/2018 15:30,87.07,802
10/28/2018 16:00,99.12,869.64
10/28/2018 16:30,101.77,937.2
10/28/2018 17:00,91.31,1023.56
10/28/2018 17:30,107.78,1116.18
10/28/2018 18:00,141.95,1206.85
10/28/2018 18:30,146.45,1270.6
10/28/2018 19:00,175.55,1269.03
10/28/2018 19:30,155.55,1289.03
10/28/2018 20:00,157.36,1301.69
10/28/2018 20:30,108.97,1272.32
10/28/2018 21:00,120.96,1244.72
10/28/2018 21:30,117.59,1220.34
10/28/2018 22:00,124.84,1164.97
10/28/2018 22:30,99.9,1119.32
10/28/2018 23:00,117.91,1124.59
10/28/2018 23:30,148.89,1144.17
10/29/2018 0:00,235.1,1320.47
10/29/2018 0:30,198.8,1281.69
10/29/2018 1:00,155.08,1258.67
10/29/2018 1:30,139.55,1205.98
10/29/2018 2:00,126.57,1171.6
10/29/2018 2:30,118.8,1134.35
10/29/2018 3:00,127.6,1127.16
10/29/2018 3:30,122.8,1104.54
10/29/2018 4:00,137.71,1086.2
10/29/2018 4:30,131.21,1097.89
10/29/2018 5:00,191.83,1139.31
10/29/2018 5:30,131.13,1182.39
10/29/2018 6:00,224.57,1251.06
10/29/2018 6:30,148.67,1299.65
10/29/2018 7:00,170.89,1363.35
10/29/2018 7:30,138.72,1347.22
10/29/2018 8:00,182.59,1256.22
10/29/2018 8:30,139.88,1166.31
10/29/2018 9:00,140.94,1085.36
10/29/2018 9:30,144.37,1008.26
10/29/2018 10:00,140.46,955.83
10/29/2018 10:30,122.14,894.3
10/29/2018 11:00,122.5,861.69
10/29/2018 11:30,126.58,860.9
10/29/2018 12:00,131.42,868.86
10/29/2018 12:30,104.27,853.95
10/29/2018 13:00,99.94,852.61
10/29/2018 13:30,116.16,861.87
10/29/2018 14:00,94.95,865.32
10/29/2018 14:30,88.88,869.16
10/29/2018 15:00,116.15,901.53
10/29/2018 15:30,141.57,950.06
10/29/2018 16:00,138.91,1000.36
10/29/2018 16:30,106.69,1073.6
10/29/2018 17:00,149.22,1177.91
10/29/2018 17:30,137.38,1277.73
10/29/2018 18:00,148.02,1382.19
10/29/2018 18:30,148.06,1426.62
10/29/2018 19:00,164.31,1470.71
10/29/2018 19:30,163.09,1488.23
10/29/2018 20:00,211.95,1516.5
10/29/2018 20:30,205.86,1475.88
10/29/2018 21:00,201.39,1411.21
10/29/2018 21:30,126.68,1370.88
10/29/2018 22:00,112.36,1331.73
10/29/2018 22:30,120.94,1312.94
10/29/2018 23:00,124.81,1282.35
10/29/2018 23:30,220.04,1290.81
10/30/2018 0:00,273.19,1465.49
10/30/2018 0:30,139.35,1387.38
10/30/2018 1:00,211.61,1331.3
10/30/2018 1:30,199,1283.63
10/30/2018 2:00,157.47,1231.02
10/30/2018 2:30,137.16,1207.03
10/30/2018 3:00,149.82,1212.71
10/30/2018 3:30,155.74,1190.95
10/30/2018 4:00,134.18,1187.3
10/30/2018 4:30,203.03,1192.4
10/30/2018 5:00,153.09,1226.99
10/30/2018 5:30,200.13,1253.94
10/30/2018 6:00,147.01,1293.79
10/30/2018 6:30,209.18,1372.99
10/30/2018 7:00,226.86,1442.37
10/30/2018 7:30,129.74,1388.09
10/30/2018 8:00,140.41,1291.56
10/30/2018 8:30,150.98,1181.4
10/30/2018 9:00,141.04,1104.13
10/30/2018 9:30,136.53,1034.94
10/30/2018 10:00,161.42,973.58
10/30/2018 10:30,129.98,958.7
10/30/2018 11:00,105.5,937.44
10/30/2018 11:30,152.27,919.43
10/30/2018 12:00,114.71,933.53
10/30/2018 12:30,106.38,937.63
10/30/2018 13:00,87.63,930.4
10/30/2018 13:30,91.38,951.49
10/30/2018 14:00,80.41,975
10/30/2018 14:30,81.33,1005.11
10/30/2018 15:00,103.79,1051.56
10/30/2018 15:30,106.13,1136.35
10/30/2018 16:00,152.61,1201.85
10/30/2018 16:30,119.47,1303.19
10/30/2018 17:00,159.57,1378.8
10/30/2018 17:30,178.38,1466.35
10/30/2018 18:00,232.22,1496.16
10/30/2018 18:30,204.05,1464.1
10/30/2018 19:00,245.07,1450.41
10/30/2018 19:30,206.84,1458.47
10/30/2018 20:00,155.15,1484.47
10/30/2018 20:30,121.73,1451.96
10/30/2018 21:00,106.87,1417.43
10/30/2018 21:30,107.53,1368.78
10/30/2018 22:00,95.6,1324.18
10/30/2018 22:30,152.8,1311.91
10/30/2018 23:00,134.27,1271.33
10/30/2018 23:30,111.2,1258.27
10/31/2018 0:00,127.53,1441.09
10/31/2018 0:30,104.87,1382.89
10/31/2018 1:00,94.91,1354.46
10/31/2018 1:30,79.76,1277.46
10/31/2018 2:00,81.58,1246.5
10/31/2018 2:30,83.88,1233.04
10/31/2018 3:00,77.17,1200.21
10/31/2018 3:30,72.44,1211.78
10/31/2018 4:00,76.99,1169.9
10/31/2018 4:30,101.69,1193.59
10/31/2018 5:00,99.19,1219.03
10/31/2018 5:30,117.83,1244.78
10/31/2018 6:00,120.29,1332.57
10/31/2018 6:30,161.3,1404.71
10/31/2018 7:00,79.28,1465.88
10/31/2018 7:30,83.84,1441.37
10/31/2018 8:00,90.04,1361.35
10/31/2018 8:30,195.62,1299.37
10/31/2018 9:00,144.58,1260.86
10/31/2018 9:30,132.83,1218.74
10/31/2018 10:00,154.8,1172.31
10/31/2018 10:30,140.86,1154.08
10/31/2018 11:00,158.4,1158.27
10/31/2018 11:30,107.02,1153.87
10/31/2018 12:00,119.05,1140.22
10/31/2018 12:30,108.95,1152.67
10/31/2018 13:00,91.29,1181.7
10/31/2018 13:30,106.55,1251.88
10/31/2018 14:00,111.86,1304.21
10/31/2018 14:30,146.63,1397.87
10/31/2018 15:00,166.61,1472.98
10/31/2018 15:30,113.53,1517.44
10/31/2018 16:00,113.98,1577.71
10/31/2018 16:30,121.12,1661.15
10/31/2018 17:00,155.82,1758.11
10/31/2018 17:30,132.58,1775.01
10/31/2018 18:00,161.47,1814.23
10/31/2018 18:30,184.02,1856.09
10/31/2018 19:00,205.48,1829.48
10/31/2018 19:30,170.18,1789.18
10/31/2018 20:00,137.07,1751.88
10/31/2018 20:30,118.17,1681.17
10/31/2018 21:00,113.26,1607.22
10/31/2018 21:30,138.18,1545.73
10/31/2018 22:00,123.59,1449.48
10/31/2018 22:30,92.34,1416.54
10/31/2018 23:00,69.56,1381.02
10/31/2018 23:30,68.79,1388.08
11/1/2018 0:00,79.97,1547.27
11/1/2018 0:30,59.68,1451.29
11/1/2018 1:00,60.99,1430.92
11/1/2018 1:30,58.57,1332.71
11/1/2018 2:00,59.76,1249.68
11/1/2018 2:30,54.87,1255.85
11/1/2018 3:00,60.26,1265.53
11/1/2018 3:30,67.09,1258.32
11/1/2018 4:00,62.09,1284.21
11/1/2018 4:30,57.37,1280.25
11/1/2018 5:00,73.86,1268.64
11/1/2018 5:30,156.14,1259.14
11/1/2018 6:00,118.32,1319.96
11/1/2018 6:30,160.75,1342.78
11/1/2018 7:00,123.26,1405.99
11/1/2018 7:30,81.64,1403.29
11/1/2018 8:00,76.75,1420.82
11/1/2018 8:30,113.06,1423.24
11/1/2018 9:00,97.08,1435.44
11/1/2018 9:30,83.92,1412.75
11/1/2018 10:00,70.29,1444.75
11/1/2018 10:30,60.66,1451.81
11/1/2018 11:00,70.28,1500.49
11/1/2018 11:30,69.12,1543.48
11/1/2018 12:00,66.41,1538.2
11/1/2018 12:30,65.47,1581.94
11/1/2018 13:00,78.78,1619.09
11/1/2018 13:30,98.7,1623.23
11/1/2018 14:00,121.15,1645.82
11/1/2018 14:30,99.86,1628.6
11/1/2018 15:00,72.61,1624.23
11/1/2018 15:30,92.36,1722.85
11/1/2018 16:00,93.61,1773.77
11/1/2018 16:30,114.17,1807.04
11/1/2018 17:00,113.86,1873.53
11/1/2018 17:30,110.18,1889.06
11/1/2018 18:00,115.45,1924.57
11/1/2018 18:30,116.55,2014.13
11/1/2018 19:00,177.82,1980.02
